ID,Name,Email,Phone,Address,createdAt,createdBy,modifiedAt,modifiedBy
e7a2132e-f6a8-4864-bc37-74d3b60a15bc,John Smith,john.smith@example.com,+12025550191,123 Main St Boston MA 02108,2025-01-15T08:30:00Z,admin,2025-01-15T08:30:00Z,admin
f8a34df6-9852-4132-87c4-6743a9c51b3e,Emma Johnson,emma.johnson@example.com,+12025550192,456 Elm St Chicago IL 60007,2025-01-15T09:15:00Z,admin,2025-01-15T09:15:00Z,admin
a1b2c3d4-e5f6-4a5b-9c8d-1e2f3a4b5c6d,Michael Williams,michael.williams@example.com,+12025550193,789 Oak St San Francisco CA 94016,2025-01-15T10:00:00Z,admin,2025-01-15T10:00:00Z,admin
b2c3d4e5-f6a7-5b6c-0d1e-2f3a4b5c6d7e,Olivia Brown,olivia.brown@example.com,+12025550194,101 Pine St Seattle WA 98101,2025-01-15T10:45:00Z,admin,2025-01-15T10:45:00Z,admin
c3d4e5f6-a7b8-6c7d-1e2f-3a4b5c6d7e8f,William Jones,william.jones@example.com,+12025550195,202 Maple St Austin TX 78701,2025-01-15T11:30:00Z,admin,2025-01-15T11:30:00Z,admin
d4e5f6a7-b8c9-7d8e-2f3a-4b5c6d7e8f9a,Sophia Miller,sophia.miller@example.com,+12025550196,303 Cedar St Denver CO 80014,2025-01-15T12:15:00Z,admin,2025-01-15T12:15:00Z,admin
e5f6a7b8-c9d0-8e9f-3a4b-5c6d7e8f9a0b,James Davis,james.davis@example.com,+12025550197,404 Birch St Portland OR 97035,2025-01-15T13:00:00Z,admin,2025-01-15T13:00:00Z,admin
f6a7b8c9-d0e1-9f0a-4b5c-6d7e8f9a0b1c,Isabella Garcia,isabella.garcia@example.com,+12025550198,505 Walnut St Miami FL 33101,2025-01-15T13:45:00Z,admin,2025-01-15T13:45:00Z,admin
a7b8c9d0-e1f2-0a1b-5c6d-7e8f9a0b1c2d,Alexander Rodriguez,alexander.rodriguez@example.com,+12025550199,606 Chestnut St Atlanta GA 30301,2025-01-15T14:30:00Z,admin,2025-01-15T14:30:00Z,admin
b8c9d0e1-f2a3-1b2c-6d7e-8f9a0b1c2d3e,Mia Wilson,mia.wilson@example.com,+12025550190,707 Spruce St Phoenix AZ 85001,2025-01-15T15:15:00Z,admin,2025-01-15T15:15:00Z,admin
c9d0e1f2-a3b4-2c3d-7e8f-9a0b1c2d3e4f,Ethan Martinez,ethan.martinez@example.com,+12025550181,808 Cypress St Las Vegas NV 89101,2025-01-16T08:30:00Z,admin,2025-01-16T08:30:00Z,admin
d0e1f2a3-b4c5-3d4e-8f9a-0b1c2d3e4f5a,Charlotte Anderson,charlotte.anderson@example.com,+12025550182,909 Redwood St Nashville TN 37201,2025-01-16T09:15:00Z,admin,2025-01-16T09:15:00Z,admin
e1f2a3b4-c5d6-4e5f-9a0b-1c2d3e4f5a6b,Benjamin Taylor,benjamin.taylor@example.com,+12025550183,111 Willow St Philadelphia PA 19019,2025-01-16T10:00:00Z,admin,2025-01-16T10:00:00Z,admin
f2a3b4c5-d6e7-5f6a-0b1c-2d3e4f5a6b7c,Amelia Thomas,amelia.thomas@example.com,+12025550184,222 Aspen St Detroit MI 48201,2025-01-16T10:45:00Z,admin,2025-01-16T10:45:00Z,admin
a3b4c5d6-e7f8-6a7b-1c2d-3e4f5a6b7c8d,Lucas Hernandez,lucas.hernandez@example.com,+12025550185,333 Poplar St Houston TX 77001,2025-01-16T11:30:00Z,admin,2025-01-16T11:30:00Z,admin
b4c5d6e7-f8a9-7b8c-2d3e-4f5a6b7c8d9e,Harper Moore,harper.moore@example.com,+12025550186,444 Hemlock St New Orleans LA 70112,2025-01-16T12:15:00Z,admin,2025-01-16T12:15:00Z,admin
c5d6e7f8-a9b0-8c9d-3e4f-5a6b7c8d9e0f,Henry Martin,henry.martin@example.com,+12025550187,555 Juniper St San Diego CA 92101,2025-01-16T13:00:00Z,admin,2025-01-16T13:00:00Z,admin
d6e7f8a9-b0c1-9d0e-4f5a-6b7c8d9e0f1a,Evelyn Jackson,evelyn.jackson@example.com,+12025550188,666 Teak St Minneapolis MN 55401,2025-01-16T13:45:00Z,admin,2025-01-16T13:45:00Z,admin
e7f8a9b0-c1d2-0e1f-5a6b-7c8d9e0f1a2b,Sebastian White,sebastian.white@example.com,+12025550189,777 Mahogany St Pittsburgh PA 15222,2025-01-16T14:30:00Z,admin,2025-01-16T14:30:00Z,admin
f8a9b0c1-d2e3-1f2a-6b7c-8d9e0f1a2b3c,Scarlett Harris,scarlett.harris@example.com,+12025550170,888 Hickory St Cleveland OH 44113,2025-01-16T15:15:00Z,admin,2025-01-16T15:15:00Z,admin